,Dense Partial Alignment,Dispersed Alignment,Frequent Alignment,Intermittent Alignment,Rare Alignment,Rare Disjoing,Sparse Alignment,Sporadic Disjoint
Dense Partial Alignment,1.0,3.514009801681194e-11,0.012529802959264523,0.06456600004891197,1.0,4.951696822906138e-29,1.744076778711617e-07,2.9070403217017e-38
Dispersed Alignment,3.514009801681194e-11,1.0,3.48384222103184e-66,1.0427749972766954e-67,1.870777868651967e-29,1.4197591585263297e-17,1.0,5.343316759861697e-25
Frequent Alignment,0.012529802959264523,3.48384222103184e-66,1.0,1.0,0.9550148491431567,1.4811228752134106e-45,5.294272999275494e-28,1.7867085648553646e-63
Intermittent Alignment,0.06456600004891197,1.0427749972766954e-67,1.0,1.0,1.0,2.8487879855880425e-44,1.6118323303160353e-26,5.1685180876616e-62
Rare Alignment,1.0,1.870777868651967e-29,0.9550148491431567,1.0,1.0,2.4941875004915257e-37,7.318049021745851e-16,7.192753336073507e-51
Rare Disjoing,4.951696822906138e-29,1.4197591585263297e-17,1.4811228752134106e-45,2.8487879855880425e-44,2.4941875004915257e-37,1.0,1.1255582357893506e-14,1.0
Sparse Alignment,1.744076778711617e-07,1.0,5.294272999275494e-28,1.6118323303160353e-26,7.318049021745851e-16,1.1255582357893506e-14,1.0,1.1611695074078446e-19
Sporadic Disjoint,2.9070403217017e-38,5.343316759861697e-25,1.7867085648553646e-63,5.1685180876616e-62,7.192753336073507e-51,1.0,1.1611695074078446e-19,1.0
