Word,Score
enable,0.39894778581069645
training,0.1723050790874707
